<?xml version="1.0" encoding="UTF-8" ?>
<!DOCTYPE struts PUBLIC
        "-//Apache Software Foundation//DTD Struts Configuration 2.5//EN"
        "http://struts.apache.org/dtds/struts-2.5.dtd">
<struts>
	<constant name="struts.i18n.encoding" value="UTF-8" />
	<constant name="struts.devMode" value="false" />
	<constant name="struts.ui.theme" value="simple" />

	<package name="default" namespace="/" extends="struts-default">

		<default-action-ref name="index" />

		<global-results>
			<!-- ログイン画面表示 -->
			<result name="TOLOGIN" type="redirectAction">aclog01DISP_V</result>
			<!-- ログイン画面表示(業務支援) -->
			<result name="TOBLOGIN" type="redirectAction">ablog01DISP_V</result>
			<!-- 障害画面表示 -->
			<result name="GLOBALERROR">/jsp/ac/Acsyserr.jsp</result>
		</global-results>

		<action name="index">
			<result>/index.jsp</result>
		</action>

		<action name="error">
			<result>/jsp/ac/Acsyserr.jsp</result>
		</action>


		<!-- ログイン -->
		<action name="aclog01*_*" class="jp.co.hitachi.a.c.log.action.Aclog01Action">
			<param name="event">{1}</param>
			<param name="gid">aclog01</param>
			<param name="trans">{2}</param>
			<result name="DISP">/jsp/ac/Aclog01.jsp</result>
			<result name="LOGIN" type="redirectAction">actop01DISP_V</result>
			<result name="CHANGEPWD" type="redirectAction">accpw01DISPLOGIN_V</result>
		</action>

		<!-- パスワード変更 -->
		<action name="accpw01*_*" class="jp.co.hitachi.a.c.cpw.action.Accpw01Action">
			<param name="event">{1}</param>
			<param name="gid">accpw01</param>
			<param name="trans">{2}</param>
			<result name="DISP">/jsp/ac/Accpw01.jsp</result>
			<result name="REGISTLOGIN" type="redirectAction">actop01DISP_V</result>
		</action>

		<!-- TOP画面 -->
		<action name="actop01*_*" class="jp.co.hitachi.a.c.top.action.Actop01Action">
			<param name="event">{1}</param>
			<param name="gid">actop01</param>
			<param name="trans">{2}</param>
			<result name="DISP">/jsp/ac/Actop01.jsp</result>
			<result name="LOGOUT" type="redirectAction">actop01LOGOUT_V</result>
			<result name="GOTOACCME01" type="redirectAction">accme01DISP_V</result>
			<result name="GOTOACCME11" type="redirectAction">accme11DISP_V</result>
			<result name="GOTOACCME21" type="redirectAction">accme21DISP_V</result>
			<result name="GOTOACCME31" type="redirectAction">accme31DISP_V</result>
			<result name="GOTOACECH01" type="redirectAction">acech01DISP_V</result>
			<result name="GOTOACECH11" type="redirectAction">acech11DISP_V</result>
			<result name="GOTOACECH31" type="redirectAction">acech31DISP_V</result>
			<result name="GOTOACECH41" type="redirectAction">acech41DISP_V</result>
			<result name="GOTOACEUM01" type="redirectAction">aceum01DISP_V</result>
			<result name="GOTOACEUM11" type="redirectAction">aceum11DISP_V</result>
			<result name="GOTOACSGM01" type="redirectAction">acsgm01DISP_V</result>
			<result name="GOTOACSGM11" type="redirectAction">acsgm11DISP_V</result>
			<result name="GOTOABIAM01" type="redirectAction">abiam01DISP_V</result>
			<result name="GOTOABIAM02" type="redirectAction">abiam02DISP_V</result>
			<result name="GOTOABIAM03" type="redirectAction">abiam03DISP_V</result>
			<result name="GOTOABCGM01" type="redirectAction">abcgm01DISP_V</result>
			<result name="GOTOABCGM11" type="redirectAction">abcgm11DISP_V</result>
			<result name="GOTOACCPW01" type="redirectAction">accpw01DISPTOP_V</result>
			<result name="GOTOACCSI01" type="redirectAction">accsi01DISP_V</result>
			<result name="GOTOACCSI02" type="redirectAction">accsi02DISP_V</result>
			<result name="GOTOACSSI01" type="redirectAction">acssi01DISP_V</result>
			<result name="GOTOACSSI02" type="redirectAction">acssi02DISP_V</result>
			<result name="GOTOACSBI01" type="redirectAction">acsbi01DISP_V</result>
			<result name="GOTOACSTS01" type="redirectAction">acsts01DISP_V</result>
			<result name="GOTOABINF01" type="redirectAction">abinf01DISP_V</result>
			<result name="GOTOACTMP01" type="redirectAction">actmp01DISP_V</result>
			<result name="GOTOACTMP02" type="redirectAction">actmp02DISP_V</result>
		</action>

		<!-- 回収金種票入力店舗一覧 -->
		<action name="accme01*_*" class="jp.co.hitachi.a.c.cme.action.Accme01Action">
			<param name="event">{1}</param>
			<param name="gid">accme01</param>
			<param name="trans">{2}</param>
			<result name="DISP">/jsp/ac/Accme01.jsp</result>
			<result name="DOWNLOAD" type="stream">
				<param name="contentType">application/octet-stream</param>
				<param name="inputName">inputStream</param>
				<param name="contentDisposition">attachment; filename = ${fileName}</param>
				<param name="bufferSize">1024</param>
				<param name="contentLength">${ contentLength }</param>
			</result>
			<result name="GOTOACCME11" type="redirectAction">accme11DISP_V</result>
		</action>

		<!-- 回収金カレンダー -->
		<action name="acech01*_*" class="jp.co.hitachi.a.c.ech.action.Acech01Action">
			<param name="event">{1}</param>
			<param name="gid">acech01</param>
			<param name="trans">{2}</param>
			<result name="DISP">/jsp/ac/Acech01.jsp</result>
			<result name="CLDLIST" type="redirectAction">acech11DISP_V</result>
			<result name="REGILIST" type="redirectAction">acech31DISP_V</result>
		</action>

		<!-- 回収日別店舗一覧 -->
		<action name="acech11*_*" class="jp.co.hitachi.a.c.ech.action.Acech11Action">
			<param name="event">{1}</param>
			<param name="gid">acech11</param>
			<param name="trans">{2}</param>
			<result name="DISP">/jsp/ac/Acech11.jsp</result>
			<result name="REGILIST" type="redirectAction">acech31DISP_V</result>
			<result name="DOWNLOAD" type="stream">
				<param name="contentType">application/octet-stream</param>
				<param name="inputName">inputStream</param>
				<param name="contentDisposition">attachment; filename = ${fileName}</param>
				<param name="bufferSize">1024</param>
				<param name="contentLength">${ contentLength }</param>
			</result>
			<result name="RETURNPAGE" type="redirectAction">acech01REDISP_V</result>
		</action>


		<!-- レジ別一覧 -->
		<action name="acech31*_*" class="jp.co.hitachi.a.c.ech.action.Acech31Action">
			<param name="event">{1}</param>
			<param name="gid">acech31</param>
			<param name="trans">{2}</param>
			<result name="DISP">/jsp/ac/Acech31.jsp</result>
			<result name="DOWNLOAD" type="stream">
				<param name="contentType">application/octet-stream</param>
				<param name="inputName">inputStream</param>
				<param name="contentDisposition">attachment; filename = ${fileName}</param>
				<param name="bufferSize">1024</param>
				<param name="contentLength">${ contentLength }</param>
			</result>
			<result name="DETAIL" type="redirectAction">acech41DISP_V</result>
			<result name="RETURNCAL" type="redirectAction">acech01REDISP_V</result>
			<result name="RETURNREGI" type="redirectAction">acech11REDISP_V</result>
		</action>

		<!-- レジ別精査実績 -->
		<action name="acech41*_*" class="jp.co.hitachi.a.c.ech.action.Acech41Action">
			<param name="event">{1}</param>
			<param name="gid">acech41</param>
			<param name="trans">{2}</param>
			<result name="DISP">/jsp/ac/Acech41.jsp</result>
			<result name="RETURNPAGE" type="redirectAction">acech31REDISP_V</result>
		</action>

		<!-- ユーザー一覧 -->
		<action name="aceum01*_*" class="jp.co.hitachi.a.c.eum.action.Aceum01Action">
			<param name="event">{1}</param>
			<param name="gid">aceum01</param>
			<param name="trans">{2}</param>
			<result name="DISP">/jsp/ac/Aceum01.jsp</result>
			<result name="DETAIL" type="redirectAction">aceum11DISP_V</result>
		</action>

		<!-- ユーザー管理 -->
		<action name="aceum11*_*" class="jp.co.hitachi.a.c.eum.action.Aceum11Action">
			<param name="event">{1}</param>
			<param name="gid">aceum11</param>
			<param name="trans">{2}</param>
			<result name="DISP">/jsp/ac/Aceum11.jsp</result>
			<result name="RETURNPAGE" type="redirectAction">aceum01REDISP_V</result>
		</action>
<!-- //////////////////////////////////// ↓子画面用↓ /////////////////////////////////////////////////////////////// -->
		<!-- 顧客検索 -->
		<action name="accsi01*_*" class="jp.co.hitachi.a.c.csi.action.Accsi01Action">
			<param name="event">{1}</param>
			<param name="gid">accsi01</param>
			<param name="trans">{2}</param>
			<result name="DISP">/jsp/ac/Accsi01.jsp</result>
		</action>
		<!-- 顧客グループ検索 -->
		<action name="accsi02*_*" class="jp.co.hitachi.a.c.csi.action.Accsi02Action">
			<param name="event">{1}</param>
			<param name="gid">accsi02</param>
			<param name="trans">{2}</param>
			<result name="DISP">/jsp/ac/Accsi02.jsp</result>
		</action>
		<!-- 店舗検索 -->
		<action name="acssi01*_*" class="jp.co.hitachi.a.c.ssi.action.Acssi01Action">
			<param name="event">{1}</param>
			<param name="gid">acssi01</param>
			<param name="trans">{2}</param>
			<result name="DISP">/jsp/ac/Acssi01.jsp</result>
		</action>
		<!-- 店舗グループ検索 -->
		<action name="acssi02*_*" class="jp.co.hitachi.a.c.ssi.action.Acssi02Action">
			<param name="event">{1}</param>
			<param name="gid">acssi02</param>
			<param name="trans">{2}</param>
			<result name="DISP">/jsp/ac/Acssi02.jsp</result>
		</action>
		<!-- 店舗枝番検索 -->
		<action name="acsbi01*_*" class="jp.co.hitachi.a.c.sbi.action.Acsbi01Action">
			<param name="event">{1}</param>
			<param name="gid">acsbi01</param>
			<param name="trans">{2}</param>
			<result name="DISP">/jsp/ac/Acsbi01.jsp</result>
		</action>
		<!-- ユーザー検索 -->
		<action name="acsts01*_*" class="jp.co.hitachi.a.c.sts.action.Acsts01Action">
			<param name="event">{1}</param>
			<param name="gid">acsts01</param>
			<param name="trans">{2}</param>
			<result name="DISP">/jsp/ac/Acsts01.jsp</result>
		</action>
<!-- //////////////////////////////////// ↑子画面用↑   /////////////////////////////////////////////////////////////// -->
<!-- //////////////////////////////////// ↓業務支援用↓ /////////////////////////////////////////////////////////////// -->

		<!-- 業務支援ログイン -->
		<action name="ablog01*_*" class="jp.co.hitachi.a.b.log.action.Ablog01Action">
			<param name="event">{1}</param>
			<param name="gid">ablog01</param>
			<param name="trans">{2}</param>
			<result name="DISP">/jsp/ab/Ablog01.jsp</result>
			<result name="LOGIN" type="redirectAction">actop01DISP_V</result>
			<result name="CHANGEPWD" type="redirectAction">accpw01DISPLOGIN_V</result>
		</action>

		<!-- 画面権限マスタメンテナンス -->
		<action name="abiam01*_*" class="jp.co.hitachi.a.b.iam.action.Abiam01Action">
			<param name="event">{1}</param>
			<param name="gid">abiam01</param>
			<param name="trans">{2}</param>
			<result name="DISP">/jsp/ab/Abiam01.jsp</result>
		</action>

		<!-- 項目権限マスタメンテナンス -->
		<action name="abiam02*_*" class="jp.co.hitachi.a.b.iam.action.Abiam02Action">
			<param name="event">{1}</param>
			<param name="gid">abiam02</param>
			<param name="trans">{2}</param>
			<result name="DISP">/jsp/ab/Abiam02.jsp</result>
		</action>


		<!-- 画面個別権限マスタメンテナンス -->
		<action name="abiam03*_*" class="jp.co.hitachi.a.b.iam.action.Abiam03Action">
			<param name="event">{1}</param>
			<param name="gid">abiam03</param>
			<param name="trans">{2}</param>
			<result name="DISP">/jsp/ab/Abiam03.jsp</result>
		</action>

		<!-- 告知登録 -->
		<action name="abinf01*_*" class="jp.co.hitachi.a.b.inf.action.Abinf01Action">
			<param name="event">{1}</param>
			<param name="gid">abinf01</param>
			<param name="trans">{2}</param>
			<result name="DISP">/jsp/ab/Abinf01.jsp</result>
		</action>

		<!-- お客様グループ一覧 -->
		<action name="abcgm01*_*" class="jp.co.hitachi.a.b.cgm.action.Abcgm01Action">
			<param name="event">{1}</param>
			<param name="gid">abcgm01</param>
			<param name="trans">{2}</param>
			<result name="DISP">/jsp/ab/Abcgm01.jsp</result>
			<result name="DETAIL" type="redirectAction">abcgm11DISP_V</result>
		</action>

		<!-- お客様グループ編集 -->
		<action name="abcgm11*_*" class="jp.co.hitachi.a.b.cgm.action.Abcgm11Action">
			<param name="event">{1}</param>
			<param name="gid">abcgm11</param>
			<param name="trans">{2}</param>
			<result name="DISP">/jsp/ab/Abcgm11.jsp</result>
			<result name="RETURNPAGE" type="redirectAction">abcgm01REDISP_V</result>
		</action>

<!-- //////////////////////////////////// ↑業務支援用↑ /////////////////////////////////////////////////////////////// -->
<!-- //////////////////////////////////// ↓開発用↓ /////////////////////////////////////////////////////////////// -->
		<!-- 基本テンプレート -->
		<action name="actmp01*_*" class="jp.co.hitachi.a.c.tmp.action.Actmp01Action">
			<param name="event">{1}</param>
			<param name="gid">actmp01</param>
			<param name="trans">{2}</param>
			<result name="DISP">/jsp/ac/Actmp01.jsp</result>
			<result name="TEMP01" type="redirectAction"></result>
			<result name="TEMP02" type="redirectAction"></result>
		</action>

		<!-- プレイグランド -->
		<action name="actmp02*_*" class="jp.co.hitachi.a.c.tmp.action.Actmp02Action">
			<param name="event">{1}</param>
			<param name="gid">actmp02</param>
			<param name="trans">{2}</param>
			<result name="DISP">/jsp/ac/Actmp02.jsp</result>
			<result name="DOWNLOAD" type="stream">
				<param name="contentType">application/octet-stream</param>
				<param name="inputName">inputStream</param>
				<param name="contentDisposition">attachment; filename = ${fileName}</param>
				<param name="bufferSize">1024</param>
				<param name="contentLength">${ contentLength }</param>
			</result>
			<result name="TEMP02" type="redirectAction"></result>
		</action>
<!-- //////////////////////////////////// ↑開発用↑ /////////////////////////////////////////////////////////////// -->

	</package>

	<!-- Add addition packages and configuration here. -->
</struts>