﻿<?xml version="1.0" encoding="UTF-8" ?>
<!DOCTYPE configuration>
<Configuration status="off">

<!-- 顧客OLアペンダー設定 -->
	<appenders>
		<RollingFile name="Appender1_assvedsnavi" append="true" fileName="/data/app/log/assvedsnavi/AccessTrcLog" filePattern="/data/app/log/assvedsnavi/AccessTrcLog.%d{yyyyMMdd}.log">
			<PatternLayout pattern="%m%n"/>
			<Policies>
				<TimeBasedTriggeringPolicy />
			</Policies>
		</RollingFile>

		<RollingFile name="Appender2_assvedsnavi" append="true" fileName="/data/app/log/assvedsnavi/SyainTrcLog" filePattern="/data/app/log/assvedsnavi/SyainTrcLog.%d{yyyyMMdd}.log">
			<PatternLayout pattern="%m%n"/>
			<Policies>
				<TimeBasedTriggeringPolicy />
			</Policies>
		</RollingFile>

		<RollingFile name="Appender3_assvedsnavi" append="true" fileName="/data/app/log/assvedsnavi/SystemErrLog" filePattern="/data/app/log/assvedsnavi/SystemErrLog.%d{yyyyMMdd}.log">
			<PatternLayout pattern="%m%n"/>
			<Policies>
				<TimeBasedTriggeringPolicy />
			</Policies>
		</RollingFile>

		<RollingFile name="Appender4_assvedsnavi" append="true" fileName="/data/app/log/assvedsnavi/TraceLog" filePattern="/data/app/log/assvedsnavi/TraceLog.%d{yyyyMMdd}.log">
			<PatternLayout pattern="%d [%t] [%-5p] %m%n"/>
			<Policies>
				<TimeBasedTriggeringPolicy />
			</Policies>
		</RollingFile>

<!-- 業務支援アペンダー設定 -->
		<RollingFile name="Appender1_gyoumu" append="true" fileName="/data/app/log/gyoumu/AccessTrcLog" filePattern="/data/app/log/gyoumu/AccessTrcLog.%d{yyyyMMdd}.log">
			<PatternLayout pattern="%m%n"/>
			<Policies>
				<TimeBasedTriggeringPolicy />
			</Policies>
		</RollingFile>

		<RollingFile name="Appender2_gyoumu" append="true" fileName="/data/app/log/gyoumu/SyainTrcLog" filePattern="/data/app/log/gyoumu/SyainTrcLog.%d{yyyyMMdd}.log">
			<PatternLayout pattern="%m%n"/>
			<Policies>
				<TimeBasedTriggeringPolicy />
			</Policies>
		</RollingFile>

		<RollingFile name="Appender3_gyoumu" append="true" fileName="/data/app/log/gyoumu/SystemErrLog" filePattern="/data/app/log/gyoumu/SystemErrLog.%d{yyyyMMdd}.log">
			<PatternLayout pattern="%m%n"/>
			<Policies>
				<TimeBasedTriggeringPolicy />
			</Policies>
		</RollingFile>

		<RollingFile name="Appender4_gyoumu" append="true" fileName="/data/app/log/gyoumu/TraceLog" filePattern="/data/app/log/gyoumu/TraceLog.%d{yyyyMMdd}">
			<PatternLayout pattern="%d [%t] [%-5p] %m%n"/>
			<Policies>
				<TimeBasedTriggeringPolicy />
			</Policies>
		</RollingFile>

<!-- 共通アペンダー設定 -->
		<RollingFile name="Appender3_comm" append="true" fileName="/data/app/log/SystemErrLog" filePattern="/data/app/log/SystemErrLog.%d{yyyyMMdd}">
			<PatternLayout pattern="%m%n"/>
			<Policies>
				<TimeBasedTriggeringPolicy />
			</Policies>
		</RollingFile>

		<Console name="STDOUT">
			<PatternLayout pattern="%C{2} (%F:%L) - %m%n"/>
		</Console>
	</appenders>

	<loggers>
<!-- 顧客OLログ設定 -->
		<Logger name="AccessLog_assvedsnavi.Logging" level="debug">
			<AppenderRef  ref="Appender1_assvedsnavi"/>
		</Logger>

		<Logger name="SystemErr_assvedsnavi.Logging" level="debug">
			<AppenderRef  ref="Appender3_assvedsnavi"/>
		</Logger>

<!-- 業務支援ログ設定 -->
		<Logger name="SyainLog_gyoumu.Logging" level="debug">
			<AppenderRef  ref="Appender2_gyoumu"/>
		</Logger>

		<Logger name="SystemErr_gyoumu.Logging" level="debug">
			<AppenderRef  ref="Appender3_gyoumu"/>
		</Logger>

<!-- 共通ログ設定 -->
		<Logger name="SystemErr.Logging" level="debug">
			<AppenderRef  ref="Appender3_comm"/>
		</Logger>

		<Logger name="jp.co.hitachi.a.c" level="debug">
				<AppenderRef  ref="STDOUT"/>
		</Logger>

		<root />
	</loggers>
</Configuration>
