#,メッセージID,分類,メッセージ
,EP0100,FATAL,no specify datasourceName({0}).
,EP0101,FATAL,dbKind specified is not supported.
,EP0102,FATAL,no specify dbKind.
,EP0103,FATAL,property file not found.
,EP0104,FATAL,no specify user({0}).
,EP0105,FATAL,no specify password({0}).
,EP0106,FATAL,no specify database name({0}).
,EP0107,FATAL,no specify driver name({0}).
,EP0108,FATAL,systemInfoOut is null.
,EP0109,ERROR,connection is not null.
,EP0300,FATAL,Original connection cannot be closed.
,EP0301,FATAL,There is no corresponding connection.
,EP0302,ERROR,sql_logLevel is not correctly.
,EF0101,FATAL,no connection handle.
,ED0101,FATAL,no connection handle.
,ED0102,WARN,unmatch exclusive key.
,ED0103,WARN,search result more than one record.
,ED0104,WARN,record not found.
,EC0101,FATAL,checkedit error.
,EC0102,FATAL,Exception Code(Exclude SQLException)
