#,メッセージID,分類,メッセージ
1,Maps001,SYSTEM,画面遷移アクセスキー不正
2,Maps002,SYSTEM,セッションタイムアウト
3,Maps003,SYSTEM,トークン生成エラー
4,Maps004,SYSTEM,cookieが有効ではありません
5,Maps005,SYSTEM,HttpSession取得エラー(null)
6,Maps006,SYSTEM,DTO管理データ取得エラー:{0}
7,Maps007,SYSTEM,DTO管理データクリアエラー
8,Maps008,SYSTEM,DBアクセス メンバ変数エラー:m_Connection(null)
9,Maps009,SYSTEM,DBアクセス メンバ変数エラー:m_PreparedStatement(null)
10,Maps010,SYSTEM,DBアクセス メンバ変数エラー:m_CallableStatement(null)
11,Maps011,SYSTEM,DBアクセス 引数エラー:sqlQuery(null)
12,Maps012,SYSTEM,DBアクセス 引数エラー:sqlCall(null)
13,Maps013,SYSTEM,DBアクセス 楽観的排他エラー {0}
14,Maps014,SYSTEM,DBアクセス 更新エラー {0}
15,Maps015,SYSTEM,DBアクセス 登録エラー {0}
16,Maps016,SYSTEM,DBアクセス 取得エラー {0}
17,Maps017,SYSTEM,画面イベント処理 : 画面イベント取得エラー(event={0})
18,Maps018,SYSTEM,画面イベント処理 : 画面イベント処理エラー
19,Maps019,SYSTEM,ファイル作成処理エラー
20,Maps020,SYSTEM,ログイン情報取得エラー
21,Maps021,SYSTEM,ログイン処理エラー
22,Maps022,SYSTEM,ログイン管理(DB)更新エラー {0}
23,Maps023,SYSTEM,ログイン管理(DB)楽観的排他エラー {0}
24,Maps024,SYSTEM,チェック処理：入力値チェック処理エラー {0}
25,Maps025,SYSTEM,{0}作成エラー
26,Mapi001,INFO,処理が正常に終了しました。
27,Mapi002,INFO,アップロードは正常に終了しました。
28,Mapi003,INFO,ダウンロードは正常に終了しました。
29,Mapi004,INFO,印刷が正常に終了しました。
30,Mapi005,INFO,指定された検索条件に一致するデータは存在しませんでした。
31,Mapi006,INFO,指定された条件に一致する{0}はありませんでした。
32,Mapi007,INFO,前画面には表示情報は存在しませんでした。
33,Mapi008,INFO,次画面には表示情報は存在しませんでした。
34,Mapi009,INFO,{0}カレンダーは、{1}ヶ月度前まで表示可能です。
35,Mapi010,INFO,変更箇所は存在しないため、登録処理を行う必要はありません。
36,Mapi011,INFO,対象データを登録しますか？
37,Mapi012,INFO,対象データを削除しますがよろしいですか？
38,Mapi013,INFO,対象データを更新しますか？
39,Mapi014,INFO,パスワードが変更されました｡
40,Mapi015,INFO,パスワードが変更されました｡{0}秒後に自動的にトップ画面へ遷移します。
41,Mapi016,INFO,登録が正常に完了しました。
42,Mapi017,INFO,登録が正常に完了しました。再ログイン後に反映されます。
43,Mapi018,INFO,コピーを作成しますが、よろしいですか？
44,Mapi019,INFO,削除が正常に完了しました。
45,Mapi020,INFO,対象データを削除しますがよろしいですか？完了後は一つ前の画面に遷移します。
46,Mapw001,WARN,入力した変更後の合計金額と、元の金額合計が異なりますがよろしいですか？
47,Mapw002,WARN,内容が変更されています。移動すると変更した内容は破棄されます。よろしいですか？
48,Mapw003,WARN,変更入力した内容が未登録の状態で画面を遷移しようとしています。よろしいですか？変更内容を登録確定したい場合は、１画面単位で登録処理を行う必要があります。
49,Mapw004,WARN,ブラウザの「戻る」や「更新」を行うと、再度ログイン画面から行う必要があります。よろしいですか？
50,Mapw005,WARN,パスワードの有効期限が切れています。パスワードを変更してください。
51,Mapw006,WARN,パスワードが仮パスワードとなっています。パスワードを変更してください。
52,Mapw007,WARN,現在のパスワードを削除し、仮パスワードを登録しますがよろしいですか？なお、仮パスワード発行後は、現在のパスワードはご使用になれませんのでご注意下さい。
53,Mape001,ERROR,{0}は必須入力です。入力して下さい。
54,Mape002,ERROR,{0}には、{1}文字以内の全角文字を入力して下さい。
55,Mape003,ERROR,{0}には、{1}文字以内の半角英数字を入力して下さい。
56,Mape004,ERROR,{0}には、{1}文字以内の半角数字を入力して下さい。
57,Mape005,ERROR,{0}には、{1}文字の全角文字を入力して下さい。
58,Mape006,ERROR,{0}には、{1}文字の半角英数字を入力して下さい。
59,Mape007,ERROR,{0}には、{1}文字の半角数字を入力して下さい。
60,Mape008,ERROR,{0}には、{1}文字以内の文字を入力して下さい。
61,Mape009,ERROR,{0}に不正な文字が入力されています。正しい値を指定して下さい。
62,Mape010,ERROR,登録する行を指定して下さい。
63,Mape011,ERROR,指定した日付の範囲の大小関係に誤りがあります。正しく入力し直して下さい。
64,Mape012,ERROR,指定した{0}の範囲の大小関係に誤りがあります。正しく入力し直して下さい。
65,Mape013,ERROR,日付の範囲指定を行う場合は最長{0}までとなります。入力し直して下さい。
66,Mape014,ERROR,{0}より前の日付は指定できません。正しい日付を入力して下さい。
67,Mape015,ERROR,指定された日付は存在しません。正しい日付を入力して下さい。
68,Mape016,ERROR,未来の日付は指定できません。正しい日付を入力して下さい。
69,Mape017,ERROR,日付の入力形式に誤りがあります。正しく入力し直して下さい。
70,Mape018,ERROR,差分金額が発生しています。差分金額が0になるよう金種、又は合計金額を入力し直して下さい。
71,Mape019,ERROR,金種の合計が{0}桁以上の金額となっています。金種を入力し直して下さい。
72,Mape020,ERROR,アップロードが失敗しました。要因を取除き再度実施して下さい。
73,Mape021,ERROR,ダウンロードが失敗しました。要因を取除き再度実施して下さい。
74,Mape022,ERROR,{0}が失敗しました。要因を取除き再度実施して下さい。
75,Mape023,ERROR,入力ファイルの形式が不正です。正しい形式で実施して下さい。
76,Mape024,ERROR,入力ファイル{0}の{1}が不正です。正しい値を設定して下さい。
77,Mape025,ERROR,帳票生成に失敗しました。
78,Mape026,ERROR,新規登録のため、削除はできません。
79,Mape027,ERROR,指定した店舗グループに重複があります。
80,Mape028,ERROR,指定した{0}に重複があります。
81,Mape029,ERROR,指定した顧客と顧客グループの組合せに誤りがあります。
82,Mape030,ERROR,指定した店舗と店舗グループの組合せに誤りがあります。
83,Mape031,ERROR,指定した{0}と{1}の組合せに誤りがあります。
84,Mape032,ERROR,顧客と店舗は対で選択して下さい。
85,Mape033,ERROR,{0}と{1}は対で選択して下さい。
86,Mape034,ERROR,入力されたユーザーＩＤ、又はパスワードが間違っています。再度入力して下さい。
87,Mape035,ERROR,ログインすることができません｡ロックアウトされています。システム管理者に問い合わせてください。
88,Mape036,ERROR,新パスワードとユーザーIDが同じです。異なるパスワードに変更してください。
89,Mape037,ERROR,新パスワードは、8文字以上で英大文字・英小文字・数字をそれぞれ1文字以上含むものを指定して下さい。
90,Mape038,ERROR,新パスワードは、3文字以上連続する文字を指定しないで下さい。
91,Mape039,ERROR,新パスワードに入力された文字列は、パスワードとして使用が制限されています。
92,Mape040,ERROR,再パスワードが間違っています。新パスワードと同じものを入力して下さい。
93,Mape041,ERROR,パスワードを続けて間違えたためロックされました。しばらくしてからもう一度、ログインし直して下さい。（解除待ち時間{0}分）
94,Mape042,ERROR,パスワードとパスワード再入力を入力して下さい。
95,Mape043,ERROR,パスワード変更ができません｡現在使用しているパスワードと[0]が一致しません。
96,Mape044,ERROR,ユーザーＩＤは、すべて同一文字を指定しないで下さい。
97,Mape045,ERROR,データベースのアクセスで異常が発生しました。
98,Mape046,ERROR,登録しようとした情報は、本処理中に他のユーザに変更された可能性があります。内容を確認して下さい。
99,Mape047,ERROR,登録しようとしたデータはすでに登録済みです。
100,Mape048,ERROR,本処理中に他のユーザに変更された可能性があります。内容を確認して下さい。
101,Mape049,ERROR,新パスワードに過去に使用したパスワードは指定できません。
102,Mape050,ERROR,本処理中に他のユーザに変更された可能性があります。セキュリティのため{0}秒後に自動的にログアウトします。
103,Mape051,ERROR,選択された{0}に一致するデータはありませんでした。
104,Mape052,ERROR,指定する日付は「yyyyMMdd」または「yyyy/MM/dd」の形式で入力してください。
105,Mape053,ERROR,入力した文字数が最大値を超えています。
106,Mape054,ERROR,{0}に不正な文字が入力されています。
107,Mape055,ERROR,{0}が特定できません。{1}を実行して絞り込みを行ってください。
108,Mape056,ERROR,「{0}」は対象を選択した状態では実施できません。
109,Mape057,ERROR,{0}対象が選択されていません。選択して下さい。
110,Mape058,ERROR,対象データのコピーに失敗しました。
111,Mape059,ERROR,{0}は半角数字のみを入力してください。
112,Mape060,ERROR,入力された合計金額と枚数から算出された合計金額に違いがあります。内容を確認してください。
113,Mape061,ERROR,登録する内容がありません。
114,Mape062,ERROR,登録する内容の中に同一のデータが存在します。内容を確認してください。
115,Mape063,ERROR,登録する内容の中に{0}のデータが存在します。内容を確認してください。
116,Mape064,ERROR,{0}には、{1}文字の半角英字を入力して下さい。
117,Mape065,ERROR,{0}には、大文字は使用できません。
118,Mape066,ERROR,{0}には、同一文字が連続したものは使用できません。
119,Mape067,ERROR,指定されたIDは既に使用されています。
